,rhyme_prob,lower_05,lower_06,lower_07,lower_08
0,0.46618528404243853,0.8426420301157838,0.899814026036355,0.9349691043253945,0.9602255684204212
