,rhyme_prob,lower_05,lower_06,lower_07,lower_08
0,0.5726013528830538,0.6682359296918714,0.7151498195990662,0.7830461710625326,0.9234019564336569
