,bajohr_halbzeug_perplexity.txt,john_bock.txt,GPT2_generated_poems.txt,GPT3_generated_poems.txt,bundestag_perplexity.txt,gpt2_training_gutenberg_only_schiller_no_train.txt,gpt2_training_gutenberg_only_hoelderlin_no_train.txt,generated_poems.txt,gpt2_training_gutenberg_test.txt
benjamin/gerpt2-large,40.44152069091797,67.63922882080078,86.91287994384766,47.17783737182617,22.830808639526367,99.30027770996094,119.17129516601562,83.57899475097656,122.8539810180664
Anjoe/poetry-gpt2-large-no_schiller,101.78359985351562,179.4115753173828,117.3696517944336,83.27867889404297,64.08944702148438,100.34664154052734,110.65994262695312,117.53627014160156,131.2059326171875
Anjoe/poetry-gpt2-large-no-hoel,107.39710998535156,196.25486755371094,122.86675262451172,85.93570709228516,66.39453887939453,105.66564178466797,128.65487670898438,122.71504974365234,137.58154296875
Anjoe/poetry-gpt2-large-complete,103.47592163085938,186.0806427001953,121.1143569946289,86.81466674804688,64.60662078857422,101.65138244628906,112.9819564819336,121.05921936035156,133.5742645263672
