,bajohr_halbzeug_perplexity.txt,john_bock.txt,GPT2_generated_poems.txt,GPT3_generated_poems.txt,bundestag_perplexity.txt,gpt2_training_gutenberg_only_schiller_no_train.txt,gpt2_training_gutenberg_only_hoelderlin_no_train.txt,generated_poems.txt,gpt2_training_gutenberg_test.txt
benjamin/gerpt2-large,43.163021087646484,49.208656311035156,49.74033737182617,27.48494529724121,22.603191375732422,68.33860778808594,81.17179870605469,47.72651290893555,81.3003158569336
Anjoe/poetry-gpt2-large-no_schiller,61.46003723144531,113.43205261230469,53.419986724853516,37.808963775634766,63.31965255737305,43.187408447265625,50.1484375,53.25950622558594,52.25190734863281
Anjoe/poetry-gpt2-large-no-hoel,66.29318237304688,120.16600036621094,54.0881233215332,38.56311798095703,65.44783782958984,44.71995162963867,56.496097564697266,53.78557586669922,53.91358184814453
Anjoe/poetry-gpt2-large-complete,65.88507843017578,117.872802734375,55.13005828857422,38.7381477355957,63.76301193237305,45.55693054199219,51.56636428833008,54.845279693603516,55.22090148925781
