,bajohr_halbzeug_perplexity.txt,john_bock.txt,GPT2_generated_poems.txt,GPT3_generated_poems.txt,bundestag_perplexity.txt,gpt2_training_gutenberg_only_schiller_no_train.txt,gpt2_training_gutenberg_only_hoelderlin_no_train.txt,generated_poems.txt,gpt2_training_gutenberg_test.txt
benjamin/gerpt2-large,43.163021087646484,49.208656311035156,49.74033737182617,27.48494529724121,22.603191375732422,74.7619857788086,74.66419219970703,47.72651290893555,80.7623519897461
Anjoe/poetry-gpt2-large-no_schiller_3,54.81000900268555,104.51026153564453,49.71381759643555,34.75954818725586,58.98430633544922,45.728553771972656,49.52503204345703,49.16709518432617,50.490867614746094
Anjoe/poetry-gpt2-large-no-hoel_3,53.689231872558594,100.4935073852539,50.05006790161133,34.328495025634766,53.802085876464844,45.133872985839844,52.361053466796875,49.23640060424805,50.90080261230469
Anjoe/poetry-gpt2-large-complete_3,53.5800895690918,103.46783447265625,49.30413055419922,33.9575080871582,57.257781982421875,45.220523834228516,49.112606048583984,48.6002082824707,50.88576889038086
