,gpt2_training_only_hebel.txt,gpt2_training_only_hoelderlin.txt,gpt2_training_only_schiller.txt
benjamin/gerpt2-large,166.6195526123047,82.19424438476562,77.48606872558594
Anjoe/poetry-gpt2-large-no_schiller_3,40.41210174560547,40.09212875366211,46.1524543762207
Anjoe/poetry-gpt2-large-no-hoel_3,40.17764663696289,53.735755920410156,37.90354537963867
Anjoe/poetry-gpt2-large-no_schiller_2,41.24627685546875,38.6340217590332,45.45668029785156
Anjoe/poetry-gpt2-large-no-hoel_2,41.02680206298828,55.4985237121582,38.92741775512695
Anjoe/poetry-gpt2-large-no_schiller,36.450931549072266,36.26064682006836,47.330814361572266
Anjoe/poetry-gpt2-large-no-hoel,37.51841735839844,56.45957565307617,37.45964050292969
