,bajohr_halbzeug_perplexity.txt,john_bock.txt,GPT2_generated_poems.txt,GPT3_generated_poems.txt,bundestag_perplexity.txt,gpt2_training_gutenberg_only_schiller_no_train.txt,gpt2_training_gutenberg_only_hoelderlin_no_train.txt,generated_poems.txt,gpt2_training_gutenberg_test.txt
benjamin/gerpt2-large,50.09189987182617,59.53387451171875,53.1002082824707,28.877723693847656,23.75113868713379,71.86688232421875,90.3822021484375,50.83433151245117,89.33662414550781
Anjoe/poetry-gpt2-large-no_schiller_2,41.21772003173828,82.40855407714844,35.86130905151367,26.370094299316406,47.4023323059082,31.394254684448242,42.82350540161133,35.44990158081055,36.998409271240234
Anjoe/poetry-gpt2-large-no-hoel_2,41.205535888671875,83.41825866699219,36.124637603759766,26.521291732788086,46.45424270629883,31.05063819885254,46.556884765625,35.700904846191406,37.14804458618164
Anjoe/poetry-gpt2-large-complete_2,40.88253402709961,84.83289337158203,36.363609313964844,26.635663986206055,46.8132438659668,31.227523803710938,43.15287399291992,35.91300582885742,37.715023040771484
