,bajohr_halbzeug_perplexity.txt,john_bock.txt,GPT2_generated_poems.txt,GPT3_generated_poems.txt,bundestag_perplexity.txt,gpt2_training_gutenberg_only_schiller_no_train.txt,gpt2_training_gutenberg_only_hoelderlin_no_train.txt,generated_poems.txt,gpt2_training_gutenberg_test.txt
benjamin/gerpt2-large,43.163021087646484,49.208656311035156,49.74033737182617,27.48494529724121,22.603191375732422,66.03009796142578,83.3353271484375,47.72651290893555,81.84628295898438
Anjoe/poetry-gpt2-large-no_schiller_2,53.57319259643555,97.98814392089844,48.75345230102539,33.9518928527832,55.01443099975586,40.810943603515625,53.247188568115234,48.07164764404297,49.327022552490234
Anjoe/poetry-gpt2-large-no-hoel_2,55.912845611572266,105.06564331054688,50.4813117980957,35.551639556884766,59.705413818359375,42.86069869995117,59.64497375488281,49.95498275756836,52.0142822265625
Anjoe/poetry-gpt2-large-complete_2,54.48762512207031,102.2139892578125,50.764617919921875,35.379783630371094,55.31809997558594,41.90599060058594,54.62070083618164,50.2433967590332,51.52219772338867
