,GPT3_goethe_davinci_2_04.txt,GPT3_goethe_davinci_3_04.txt,GPT3_deutsch_davinci_2_04.txt,GPT3_deutsch_davinci_3_04.txt,GPT3_goethe_davinci_2_08.txt,GPT3_goethe_davinci_3_08.txt,GPT3_deutsch_davinci_2_08.txt,GPT3_deutsch_davinci_3_08.txt,GPT3_goethe_davinci_2_09.txt,GPT3_goethe_davinci_3_09.txt,GPT3_deutsch_davinci_2_09.txt,GPT3_deutsch_davinci_3_09.txt
benjamin/gerpt2-large,7.823059558868408,17.452335357666016,8.853245735168457,13.47835636138916,13.132268905639648,42.98556137084961,12.019332885742188,30.099531173706055,13.915327072143555,67.2877197265625,11.88548469543457,43.391845703125
Anjoe/poetry-gpt2-large-complete_3,7.743817329406738,23.510011672973633,8.514589309692383,19.9008731842041,13.09997844696045,55.143619537353516,13.121334075927734,41.89157485961914,15.431405067443848,82.59471893310547,13.72563648223877,61.959712982177734
Anjoe/poetry-gpt2-large-complete_2,7.967395782470703,24.445056915283203,8.95370864868164,20.273958206176758,13.482200622558594,56.44369888305664,13.975092887878418,42.918052673339844,16.115297317504883,82.98280334472656,14.232181549072266,63.502220153808594
Anjoe/poetry-gpt2-large-complete,9.118005752563477,26.93185043334961,10.336068153381348,22.70583152770996,15.332642555236816,60.922027587890625,15.6029634475708,47.07609939575195,18.081789016723633,90.93241882324219,16.130823135375977,69.27729797363281
