author,rhyme_prob,lower_05,lower_06,lower_07,lower_08
GPT2_generated_poems.txt,0.5806002117540577,0.42657342657342656,0.6531468531468532,0.8195804195804196,0.9342657342657342
GPT3_generated_poems.txt,0.5018083449117933,0.6206896551724138,0.8275862068965517,0.9310344827586207,0.9770114942528736
gpt2_training_gutenberg_test.txt,0.5520561263352974,0.6058941058941059,0.7544955044955045,0.8134365634365635,0.8821178821178821
