author,rhyme_prob,lower_05,lower_06,lower_07,lower_08
GPT2_generated_poems.txt,0.5806002117540577,0.42657342657342656,0.6531468531468532,0.8195804195804196,0.9342657342657342
GPT3_generated_poems.txt,0.5018083449117933,0.6206896551724138,0.8275862068965517,0.9310344827586207,0.9770114942528736
gpt2_training_gutenberg_test.txt,0.5276482582794736,0.7108433734939759,0.7886327920377161,0.8488737558931377,0.9185437401781037
